frame,dt,latency_ms,error_x,error_y,vel_forward,vel_yaw
1,0.037023,51.109,-0.4078,15.7438,0.031488,0.040779
2,0.044515,42.518,0.4343,10.2597,0.020519,-0.043427
3,0.036658,54.744,-1.5034,16.148,0.032296,0.150344
4,0.031642,50.647,3.0301,9.5952,0.01919,-0.303007
5,0.035835,38.666,1.9796,15.924,0.031848,-0.197961
6,0.036222,45.675,-0.1915,12.477,0.024954,0.019146
7,0.045017,43.817,1.3583,16.6595,0.033319,-0.135827
8,0.040075,43.34,-2.5184,14.2772,0.028554,0.251841
9,0.031237,41.703,-5.7411,13.6369,0.027274,0.574106
10,0.030369,43.132,1.8032,12.2117,0.024423,-0.180324
11,0.033912,36.607,2.7454,13.9599,0.02792,-0.274543
12,0.042501,47.415,6.0771,13.9266,0.027853,-0.60771
13,0.035423,47.003,-10.0383,13.726,0.027452,1.003832
14,0.036653,46.138,4.5077,12.8341,0.025668,-0.450774
15,0.034958,39.285,-1.8749,21.7827,0.043565,0.187493
16,0.034837,50.609,2.7012,13.661,0.027322,-0.270124
17,0.038038,43.625,3.7406,17.0101,0.03402,-0.374064
18,0.040174,51.071,2.1521,15.2087,0.030417,-0.21521
19,0.040441,40.612,5.8483,14.012,0.028024,-0.584827
20,0.031505,38.355,8.8686,13.6642,0.027328,-0.886864
21,0.04039,47.782,11.0902,13.4748,0.02695,-1.109024
22,0.034668,42.226,9.3,14.2512,0.028502,-0.930003
23,0.032771,47.221,1.9189,14.4129,0.028826,-0.191886
24,0.036448,51.36,11.0357,10.7601,0.02152,-1.103574
25,0.033879,51.916,1.1865,15.773,0.031546,-0.118654
26,0.036254,42.748,13.4479,14.2282,0.028456,-1.344785
27,0.034909,42.883,13.4996,18.063,0.036126,-1.349957
28,0.033499,40.377,9.5795,15.5701,0.03114,-0.957945
29,0.025816,55.445,2.0114,13.7891,0.027578,-0.201138
30,0.030786,47.904,12.5578,14.2774,0.028555,-1.255784
31,0.035087,40.032,7.9846,16.4303,0.032861,-0.798464
32,0.021376,48.03,10.7523,13.2754,0.026551,-1.075231
33,0.029352,40.134,16.7963,12.5354,0.025071,-1.679631
34,0.037077,49.008,10.5494,10.1529,0.020306,-1.054943
35,0.036465,51.449,11.6656,18.7225,0.037445,-1.166559
36,0.035467,44.182,13.2111,16.9402,0.03388,-1.321109
37,0.029467,49.713,7.6413,10.9878,0.021976,-0.76413
38,0.031947,43.272,14.6014,14.8002,0.0296,-1.460142
39,0.023188,45.518,13.5242,15.1527,0.030305,-1.352419
40,0.033011,42.827,22.9225,10.5024,0.021005,-2.292254
41,0.040979,44.394,9.1983,12.7409,0.025482,-0.919828
42,0.031188,62.225,20.9477,9.4552,0.01891,-2.094765
43,0.041525,46.327,21.5605,16.1281,0.032256,-2.156051
44,0.034041,43.639,25.9306,13.1027,0.026205,-2.593055
45,0.044108,56.922,24.4496,14.1921,0.028384,-2.444963
46,0.039601,34.619,24.2652,11.938,0.023876,-2.426519
47,0.039186,46.57,25.823,13.8117,0.027623,-2.582297
48,0.0395,49.508,20.4966,13.9772,0.027954,-2.049663
49,0.031114,50.094,22.2154,16.8308,0.033662,-2.221535
50,0.025799,47.844,25.5607,15.816,0.031632,-2.556074
51,0.032841,41.462,22.7137,12.8005,0.025601,-2.271373
52,0.043891,32.952,20.922,16.1736,0.032347,-2.092204
53,0.029316,47.557,24.6447,10.5969,0.021194,-2.464469
54,0.039467,45.286,25.2049,16.0392,0.032078,-2.520487
55,0.036265,43.672,21.434,16.3789,0.032758,-2.143396
56,0.038796,47.458,27.1545,18.2368,0.036474,-2.715451
57,0.043283,42.472,30.709,13.0321,0.026064,-3.070899
58,0.033724,42.791,10.4261,9.0956,0.018191,-1.042612
59,0.035055,41.687,16.1145,16.439,0.032878,-1.611446
60,0.029861,42.443,21.4892,14.3211,0.028642,-2.148919
61,0.030641,38.326,24.5711,11.3106,0.022621,-2.45711
62,0.03447,51.58,29.8017,13.7436,0.027487,-2.980166
63,0.035777,37.751,26.7273,8.1089,0.016218,-2.672733
64,0.03212,41.981,27.6887,9.6546,0.019309,-2.76887
65,0.02498,43.853,31.1801,9.1848,0.01837,-3.118013
66,0.034032,42.837,24.5984,11.7446,0.023489,-2.459841
67,0.043229,42.249,26.5285,8.1793,0.016359,-2.652853
68,0.028713,46.215,25.0857,9.777,0.019554,-2.508567
69,0.043769,50.368,25.0239,9.9534,0.019907,-2.502394
70,0.030309,44.707,26.929,13.7087,0.027417,-2.692903
71,0.043849,54.525,26.4436,6.9635,0.013927,-2.644362
72,0.027579,48.473,24.3073,10.9359,0.021872,-2.430733
73,0.033634,42.694,21.3529,8.5993,0.017199,-2.13529
74,0.038619,43.199,28.83,8.7115,0.017423,-2.882997
75,0.039278,53.25,28.9734,10.6141,0.021228,-2.897337
76,0.027568,43.675,26.0791,5.6961,0.011392,-2.607915
77,0.045731,46.73,24.3546,8.0001,0.016,-2.435461
78,0.03557,40.977,22.3244,4.9527,0.009905,-2.232441
79,0.039773,51.608,23.0577,8.8692,0.017738,-2.305766
80,0.035137,48.684,26.7171,9.1539,0.018308,-2.671706
81,0.037899,53.655,40.6747,8.3314,0.016663,-4.067467
82,0.034519,38.379,23.4137,8.373,0.016746,-2.341371
83,0.038091,37.841,13.1313,6.5232,0.013046,-1.313133
84,0.028852,48.254,22.3532,9.0973,0.018195,-2.235318
85,0.031605,43.388,20.3894,7.6034,0.015207,-2.038938
86,0.039078,45.33,21.2008,19.1342,0.038268,-2.120081
87,0.038133,39.35,22.0583,8.7907,0.017581,-2.205826
88,0.028118,47.434,27.3759,6.6836,0.013367,-2.737595
89,0.040785,47.473,26.6325,11.9693,0.023939,-2.66325
90,0.031416,42.98,19.5549,5.6431,0.011286,-1.955491
91,0.036491,41.058,17.4713,14.1353,0.028271,-1.747133
92,0.028998,44.798,19.0988,2.0518,0.004104,-1.909879
93,0.033672,44.862,25.2376,7.52,0.01504,-2.523759
94,0.038965,39.917,26.3514,9.7904,0.019581,-2.635141
95,0.027255,52.805,20.7078,11.6451,0.02329,-2.070782
96,0.032431,44.146,16.4381,13.21,0.02642,-1.643808
97,0.044903,47.132,24.6175,4.5317,0.009063,-2.461753
98,0.033265,43.746,17.8701,5.5325,0.011065,-1.787014
99,0.032977,39.586,35.1561,10.2892,0.020578,-3.515607
100,0.036058,51.173,26.9315,7.8238,0.015648,-2.693154
101,0.04256,47.85,26.6596,11.0938,0.022188,-2.665957
102,0.034285,48.442,17.2751,9.1245,0.018249,-1.727509
103,0.036184,47.322,28.1211,7.3197,0.014639,-2.81211
104,0.039243,43.347,29.4826,7.5744,0.015149,-2.94826
105,0.037396,42.85,34.563,2.0402,0.00408,-3.456298
106,0.0405,42.465,24.5004,9.4701,0.01894,-2.450039
107,0.038679,45.344,26.3614,2.7373,0.005475,-2.636144
108,0.035209,49.604,25.4076,9.5413,0.019083,-2.540763
109,0.041008,46.074,25.6616,4.1692,0.008338,-2.566156
110,0.023249,37.828,21.1029,0.0978,0.000196,-2.110286
111,0.040609,35.846,32.8926,5.4295,0.010859,-3.28926
112,0.034947,38.981,16.3309,9.7308,0.019462,-1.633087
113,0.04271,54.562,18.8746,4.2279,0.008456,-1.887463
114,0.04388,42.921,23.7066,5.6896,0.011379,-2.370663
115,0.029312,49.142,19.668,1.6765,0.003353,-1.966795
116,0.036174,45.318,24.2463,-0.8703,-0.001741,-2.42463
117,0.036897,40.458,25.3019,5.6427,0.011285,-2.530194
118,0.038245,45.625,17.4659,3.265,0.00653,-1.746592
119,0.03084,52.503,14.2607,8.8889,0.017778,-1.426074
120,0.046307,40.477,14.0585,1.4299,0.00286,-1.405851
121,0.040368,55.457,23.2958,5.2184,0.010437,-2.32958
122,0.041049,55.843,15.3722,4.0428,0.008086,-1.537224
123,0.028615,43.023,12.3156,3.3334,0.006667,-1.231563
124,0.027452,49.239,18.862,1.173,0.002346,-1.886202
125,0.03052,44.939,16.7328,-0.116,-0.000232,-1.673281
126,0.038288,43.967,14.1451,-4.5436,-0.009087,-1.414506
127,0.031252,46.37,17.5859,0.5968,0.001194,-1.758592
128,0.03183,46.428,14.4282,7.0957,0.014191,-1.442823
129,0.041667,40.056,20.1567,-0.8077,-0.001615,-2.015667
130,0.030362,41.121,16.8171,8.0242,0.016048,-1.681711
131,0.042827,45.656,15.7942,-3.0802,-0.00616,-1.579422
132,0.044757,52.4,17.5727,6.3087,0.012617,-1.757269
133,0.030219,46.882,11.7402,3.4272,0.006854,-1.174019
134,0.041516,42.601,14.4914,-0.1897,-0.000379,-1.449138
135,0.037629,44.857,13.8784,3.7245,0.007449,-1.387843
136,0.043945,40.93,14.2464,4.3083,0.008617,-1.424636
137,0.032028,48.191,13.6108,-3.468,-0.006936,-1.361084
138,0.045012,46.153,19.1113,0.0404,8.1e-05,-1.911134
139,0.030578,42.929,14.7526,7.379,0.014758,-1.47526
140,0.037767,50.045,19.644,4.5275,0.009055,-1.964401
141,0.039571,45.706,25.9528,-1.8253,-0.003651,-2.595279
142,0.03652,45.273,17.5147,2.0115,0.004023,-1.751472
143,0.03469,46.267,11.8641,-2.4851,-0.00497,-1.186411
144,0.03445,45.719,11.8619,1.4648,0.00293,-1.186185
145,0.038144,47.249,19.4943,0.0514,0.000103,-1.949432
146,0.035556,47.849,13.4637,1.3726,0.002745,-1.346367
147,0.03369,46.775,12.7491,0.7685,0.001537,-1.274905
148,0.034241,49.877,12.5731,1.4308,0.002862,-1.257314
149,0.031842,36.096,17.3238,-2.8812,-0.005762,-1.732376
150,0.036677,46.504,5.0746,2.0139,0.004028,-0.507464
151,0.024674,47.795,4.8003,-5.9768,-0.011954,-0.480033
152,0.032945,45.547,15.7905,-1.3093,-0.002619,-1.579052
153,0.030563,48.545,18.8396,-3.1321,-0.006264,-1.883957
154,0.04392,39.425,15.3694,-1.1696,-0.002339,-1.536935
155,0.031732,52.26,18.8103,-0.1078,-0.000216,-1.881031
156,0.044257,43.215,12.623,-6.2367,-0.012473,-1.262303
157,0.02399,38.488,5.7107,-2.9075,-0.005815,-0.571071
158,0.037797,41.448,9.3591,-2.3363,-0.004673,-0.935914
159,0.0361,41.796,8.3886,0.3519,0.000704,-0.838861
160,0.037069,40.996,15.6968,-1.0646,-0.002129,-1.569682
161,0.031432,64.682,8.7433,-2.9026,-0.005805,-0.874332
162,0.040446,40.377,6.3552,1.4495,0.002899,-0.635522
163,0.042273,43.947,0.4541,-1.6882,-0.003376,-0.045415
164,0.039633,45.699,7.4231,1.0417,0.002083,-0.742312
165,0.028801,45.804,3.6872,1.6084,0.003217,-0.368721
166,0.039053,43.95,3.1959,-8.8562,-0.017712,-0.319595
167,0.033325,44.603,3.8885,-8.4252,-0.01685,-0.388851
168,0.03322,42.124,6.0784,-0.7914,-0.001583,-0.607841
169,0.02994,44.68,-3.8126,-5.009,-0.010018,0.381264
170,0.037738,44.916,3.0664,-7.659,-0.015318,-0.30664
171,0.031217,42.769,7.8802,-0.6487,-0.001297,-0.788024
172,0.033182,35.439,4.2161,-1.573,-0.003146,-0.421613
173,0.029185,32.985,2.8405,-6.042,-0.012084,-0.284049
174,0.028253,48.715,2.0456,-1.5412,-0.003082,-0.204563
175,0.035365,51.917,3.9721,-5.2413,-0.010483,-0.397214
176,0.030273,48.58,1.9606,-4.5672,-0.009134,-0.196065
177,0.036483,49.233,2.5655,-0.221,-0.000442,-0.256546
178,0.035679,38.8,-1.9176,-6.4615,-0.012923,0.19176
179,0.028023,42.745,4.7577,-1.5192,-0.003038,-0.475772
180,0.034314,48.055,0.6004,-6.4569,-0.012914,-0.060035
181,0.039988,39.587,-4.3056,-5.7255,-0.011451,0.430564
182,0.033225,46.743,-4.519,-5.0134,-0.010027,0.451898
183,0.028218,51.46,-2.4347,-1.6049,-0.00321,0.243472
184,0.033229,36.942,2.1979,-5.8417,-0.011683,-0.219786
185,0.039681,47.81,-13.0867,-4.9409,-0.009882,1.308668
186,0.039533,44.726,-10.0828,-4.1442,-0.008288,1.008283
187,0.040094,45.632,-2.3253,-6.5044,-0.013009,0.232534
188,0.035942,41.369,2.7317,-7.5422,-0.015084,-0.273166
189,0.031958,50.318,-3.5828,-4.1166,-0.008233,0.358281
190,0.035912,45.966,-5.515,-9.5215,-0.019043,0.551503
191,0.042356,43.27,-5.0482,-6.6853,-0.013371,0.504816
192,0.044952,47.388,-8.4159,-9.8544,-0.019709,0.84159
193,0.044418,41.285,-11.1643,-4.1975,-0.008395,1.116434
194,0.037547,45.093,-5.2319,-8.455,-0.01691,0.523195
195,0.043357,44.583,-17.2085,-9.002,-0.018004,1.720845
196,0.03835,49.184,-13.029,-7.9636,-0.015927,1.302902
197,0.037417,44.649,-7.934,-11.2855,-0.022571,0.793395
198,0.036657,44.884,-7.5069,-9.2791,-0.018558,0.750693
199,0.035279,44.62,-7.3086,-12.9293,-0.025859,0.730862
200,0.029276,46.755,-13.1833,-4.9893,-0.009979,1.318334
201,0.037303,38.331,-16.0029,-9.0207,-0.018041,1.600295
202,0.041027,46.178,-6.7245,-6.8709,-0.013742,0.672448
203,0.043444,39.624,-1.1221,-7.1784,-0.014357,0.112209
204,0.032026,51.024,-15.765,-2.0211,-0.004042,1.576503
205,0.033557,40.108,-14.0746,-12.3943,-0.024789,1.407462
206,0.03231,44.372,-1.2037,-9.8667,-0.019733,0.120374
207,0.031671,52.326,-10.7491,-10.4748,-0.02095,1.074914
208,0.03953,44.315,-6.6133,-3.6105,-0.007221,0.661333
209,0.033029,43.066,-17.0808,-13.0802,-0.02616,1.708084
210,0.034674,38.463,-15.5851,-12.6435,-0.025287,1.558511
211,0.038996,41.115,-19.4268,-9.0825,-0.018165,1.94268
212,0.043149,48.147,-13.9397,-17.2322,-0.034464,1.393966
213,0.038553,45.285,-5.0298,-9.3483,-0.018697,0.502983
214,0.03718,54.772,-14.5084,-10.6097,-0.021219,1.450845
215,0.033264,58.635,-16.2533,-7.4788,-0.014958,1.625328
216,0.039716,43.616,-16.2967,-12.6264,-0.025253,1.629673
217,0.034405,42.968,-12.5616,-7.1066,-0.014213,1.256161
218,0.040553,38.761,-22.1673,-7.6722,-0.015344,2.216727
219,0.042773,49.193,-12.7614,-11.2854,-0.022571,1.276139
220,0.040293,49.554,-17.4159,-8.8451,-0.01769,1.741586
221,0.027799,44.127,-17.6847,-11.9317,-0.023863,1.768471
222,0.032927,48.333,-14.758,-10.962,-0.021924,1.475804
223,0.034044,47.571,-12.6615,-14.4559,-0.028912,1.26615
224,0.035483,40.195,-25.1178,-15.9765,-0.031953,2.511782
225,0.025632,48.055,-23.4179,-4.8058,-0.009612,2.341793
226,0.032015,38.16,-30.0873,-15.0954,-0.030191,3.008734
227,0.03025,45.06,-23.3941,-6.3979,-0.012796,2.339412
228,0.03237,40.076,-15.0213,-7.076,-0.014152,1.502132
229,0.036708,49.297,-15.8005,-3.3323,-0.006665,1.580053
230,0.034598,41.353,-16.4915,-13.8696,-0.027739,1.649153
231,0.035795,42.22,-24.3066,-15.2902,-0.03058,2.430656
232,0.034124,46.866,-22.6508,-9.4057,-0.018811,2.265076
233,0.031758,48.346,-25.9138,-18.3971,-0.036794,2.591376
234,0.030106,39.216,-23.8772,-14.2801,-0.02856,2.387719
235,0.035993,44.24,-28.9285,-14.2844,-0.028569,2.892847
236,0.039038,52.874,-19.4715,-12.2042,-0.024408,1.947151
237,0.038226,42.185,-21.306,-10.5937,-0.021187,2.130604
238,0.039994,39.258,-24.2136,-13.6338,-0.027268,2.421363
239,0.039854,44.385,-22.4834,-15.4163,-0.030833,2.248338
240,0.03784,40.127,-21.7959,-16.6044,-0.033209,2.179592
241,0.039046,46.553,-21.7972,-12.5868,-0.025174,2.179717
242,0.032961,40.13,-17.4887,-14.4488,-0.028898,1.748868
243,0.030516,43.021,-26.3412,-6.3993,-0.012799,2.634121
244,0.039837,46.026,-31.0997,-13.1958,-0.026392,3.109974
245,0.02985,39.29,-25.4388,-12.4138,-0.024828,2.543885
246,0.040854,43.758,-24.2232,-8.1746,-0.016349,2.422322
247,0.033583,37.883,-19.7224,-8.3478,-0.016696,1.972243
248,0.030145,41.441,-20.6457,-13.9267,-0.027853,2.064572
249,0.034107,46.629,-29.1884,-16.7332,-0.033466,2.918845
250,0.031738,50.325,-35.3753,-10.6018,-0.021204,3.537533
251,0.042519,41.07,-24.9822,-10.968,-0.021936,2.49822
252,0.032436,42.217,-15.778,-10.1224,-0.020245,1.577797
253,0.041578,42.135,-23.0164,-13.2729,-0.026546,2.301639
254,0.033222,48.099,-20.2854,-12.9589,-0.025918,2.028539
255,0.033888,49.675,-29.2195,-19.9861,-0.039972,2.921947
256,0.032733,42.858,-24.1904,-9.6472,-0.019294,2.419039
257,0.028101,41.078,-30.1871,-11.1381,-0.022276,3.018711
258,0.034568,44.742,-28.9307,-15.0646,-0.030129,2.893068
259,0.030671,44.293,-19.4934,-11.3932,-0.022786,1.949336
260,0.03304,51.394,-24.8502,-19.3446,-0.038689,2.485019
261,0.039164,46.433,-24.0444,-16.7244,-0.033449,2.404443
262,0.032424,46.715,-27.8598,-12.1409,-0.024282,2.785976
263,0.032021,40.161,-28.4884,-11.0916,-0.022183,2.848838
264,0.038097,43.146,-27.9335,-18.0535,-0.036107,2.793351
265,0.032659,43.378,-24.7239,-17.0875,-0.034175,2.472386
266,0.034917,38.908,-20.7388,-17.6278,-0.035256,2.073884
267,0.039059,35.949,-30.6344,-12.8996,-0.025799,3.063437
268,0.037179,40.687,-29.5732,-10.134,-0.020268,2.957323
269,0.031514,42.689,-19.2391,-15.6271,-0.031254,1.923906
270,0.038083,43.238,-29.2079,-17.7399,-0.03548,2.920794
271,0.035975,43.584,-23.053,-16.2311,-0.032462,2.305299
272,0.036222,44.794,-21.7727,-19.5729,-0.039146,2.177273
273,0.036878,39.35,-23.643,-19.0267,-0.038053,2.364304
274,0.0374,38.858,-29.1864,-16.0172,-0.032034,2.918638
275,0.037069,37.223,-21.4725,-13.3476,-0.026695,2.14725
276,0.031194,45.187,-24.0097,-15.7137,-0.031427,2.400974
277,0.043572,42.568,-31.1924,-10.6248,-0.02125,3.119243
278,0.034243,44.247,-20.0825,-17.9335,-0.035867,2.008253
279,0.040257,38.166,-22.0762,-12.0937,-0.024187,2.20762
280,0.038446,47.598,-32.7634,-18.8736,-0.037747,3.276337
281,0.034363,39.762,-23.8721,-13.3289,-0.026658,2.38721
282,0.034459,38.017,-21.5962,-15.6193,-0.031239,2.159619
283,0.045255,52.722,-19.0185,-14.3659,-0.028732,1.901846
284,0.035413,39.744,-23.5952,-15.1968,-0.030394,2.359524
285,0.039097,43.664,-22.2665,-13.6707,-0.027341,2.226647
286,0.039846,39.092,-27.806,-14.4816,-0.028963,2.780595
287,0.039441,44.412,-25.0475,-15.4807,-0.030961,2.504755
288,0.032621,48.241,-29.0632,-16.6473,-0.033295,2.906319
289,0.03297,35.062,-23.9398,-13.6534,-0.027307,2.393983
290,0.040214,38.783,-20.2256,-13.8472,-0.027694,2.022563
291,0.019566,44.391,-16.6194,-16.7323,-0.033465,1.661941
292,0.031674,48.005,-17.0215,-7.0992,-0.014198,1.702153
293,0.03893,54.655,-20.9035,-19.009,-0.038018,2.090347
294,0.03118,37.258,-32.5722,-15.2131,-0.030426,3.257223
295,0.032363,44.523,-17.5473,-14.227,-0.028454,1.754728
296,0.0361,54.6,-27.3259,-20.1049,-0.04021,2.732587
297,0.031178,46.123,-20.6571,-15.4028,-0.030806,2.065712
298,0.034071,45.309,-19.3933,-11.0402,-0.02208,1.939333
299,0.034239,50.637,-30.7423,-10.1194,-0.020239,3.074234
300,0.031285,38.463,-23.951,-12.9887,-0.025977,2.395095
301,0.032436,48.722,-32.561,-10.3699,-0.02074,3.256104
302,0.039547,42.437,-16.9922,-12.086,-0.024172,1.699218
303,0.038113,35.374,-23.3215,-15.5604,-0.031121,2.332151
304,0.0373,47.583,-13.3423,-11.013,-0.022026,1.33423
305,0.035304,36.669,-17.3894,-9.8003,-0.019601,1.73894
306,0.032365,40.78,-21.6273,-12.9196,-0.025839,2.162734
307,0.038803,44.019,-11.3467,-15.0214,-0.030043,1.134673
308,0.032136,41.038,-19.0419,-11.1062,-0.022212,1.904195
309,0.040305,36.891,-18.0758,-15.9354,-0.031871,1.807585
310,0.036378,40.653,-14.799,-15.0126,-0.030025,1.479904
311,0.033983,42.88,-15.149,-13.1931,-0.026386,1.514904
312,0.033206,48.014,-16.5215,-14.6842,-0.029368,1.652152
313,0.045071,45.249,-15.6805,-4.4246,-0.008849,1.568052
314,0.037023,49.717,-14.5761,-11.1204,-0.022241,1.457612
315,0.028992,50.719,-14.2787,-16.7211,-0.033442,1.427868
316,0.039856,47.513,-17.9351,-12.5829,-0.025166,1.793506
317,0.033812,44.254,-8.0073,-13.8837,-0.027767,0.800728
318,0.023518,44.796,-16.3839,-14.0333,-0.028067,1.638389
319,0.034866,42.064,-8.4405,-12.2021,-0.024404,0.844054
320,0.028587,51.192,-15.35,-12.2215,-0.024443,1.535003
321,0.034598,39.494,-9.2987,-18.3798,-0.03676,0.929867
322,0.034161,56.353,-14.8897,-9.5948,-0.01919,1.488973
323,0.03317,57.213,-13.1301,-11.5116,-0.023023,1.313014
324,0.034411,50.088,-3.58,-10.008,-0.020016,0.357999
325,0.039682,40.004,-18.1927,-13.4094,-0.026819,1.819267
326,0.038568,56.909,-10.6933,-13.2175,-0.026435,1.069329
327,0.043245,42.116,-19.0609,-15.6526,-0.031305,1.906095
328,0.034305,51.443,-13.4048,-17.3975,-0.034795,1.340477
329,0.037117,48.443,-8.9364,-13.7933,-0.027587,0.893641
330,0.033316,54.913,-9.7015,-9.5318,-0.019064,0.970148
331,0.048371,35.95,-6.1821,-9.9921,-0.019984,0.618209
332,0.025869,52.919,-10.996,-17.0861,-0.034172,1.099598
333,0.03769,39.145,-8.1803,-13.2596,-0.026519,0.818034
334,0.046056,43.355,-6.6721,-15.6127,-0.031225,0.667213
335,0.037289,44.333,-0.6513,-12.4098,-0.02482,0.065135
336,0.037218,44.795,-11.5331,-10.1283,-0.020257,1.153309
337,0.040924,55.24,-4.26,-15.0457,-0.030091,0.426
338,0.03865,43.171,-3.3568,-17.3159,-0.034632,0.335682
339,0.040628,43.569,-5.1421,-10.3654,-0.020731,0.514215
340,0.037357,46.898,-6.277,-14.2437,-0.028487,0.627695
341,0.033325,56.321,-2.7781,-15.2858,-0.030572,0.277812
342,0.030849,57.257,0.6849,-12.0719,-0.024144,-0.068495
343,0.042442,42.866,-2.6355,-13.7171,-0.027434,0.263553
344,0.037258,45.102,-8.8378,-13.7275,-0.027455,0.883781
345,0.03524,49.668,-7.7361,-7.3808,-0.014762,0.773607
346,0.034659,45.224,7.583,-7.4998,-0.015,-0.758303
347,0.038142,41.115,-3.2951,-17.656,-0.035312,0.32951
348,0.037404,38.506,-5.0125,-8.9756,-0.017951,0.501251
349,0.039221,44.268,5.4853,-13.2585,-0.026517,-0.548534
350,0.039018,32.424,5.0973,-15.5119,-0.031024,-0.509734
351,0.033581,50.776,-0.4157,-14.5755,-0.029151,0.041572
352,0.032951,45.748,5.272,-12.6334,-0.025267,-0.527199
353,0.040249,42.791,-0.3082,-6.9315,-0.013863,0.030816
354,0.035889,47.569,-4.7306,-13.0992,-0.026198,0.473062
355,0.039899,45.239,-1.9012,-14.4787,-0.028957,0.19012
356,0.03591,49.996,7.7875,-13.7874,-0.027575,-0.778747
357,0.040607,36.446,6.3994,-10.1958,-0.020392,-0.639936
358,0.039391,50.965,5.511,-12.8248,-0.02565,-0.551099
359,0.03659,54.9,3.9471,-12.305,-0.02461,-0.394709
360,0.043678,43.62,11.7568,-12.5235,-0.025047,-1.175683
361,0.035266,50.428,-2.4869,-11.9965,-0.023993,0.24869
362,0.036548,51.74,4.453,-13.7081,-0.027416,-0.445304
363,0.028133,47.154,3.4144,-10.9681,-0.021936,-0.341437
364,0.04089,42.096,12.2049,-8.4303,-0.016861,-1.220486
365,0.044097,36.646,2.5725,-10.8339,-0.021668,-0.257255
366,0.033878,44.04,6.6829,-17.0268,-0.034054,-0.668286
367,0.029553,44.16,0.1031,-15.3397,-0.030679,-0.010312
368,0.035695,53.835,7.4047,-10.7153,-0.021431,-0.740469
369,0.038912,49.864,9.6835,-10.7239,-0.021448,-0.968352
370,0.02896,45.957,7.3521,-8.9186,-0.017837,-0.735209
371,0.034146,47.024,5.7606,-13.6924,-0.027385,-0.576064
372,0.035537,37.932,4.662,-12.9234,-0.025847,-0.466195
373,0.040403,38.887,11.6879,-11.6957,-0.023391,-1.168787
374,0.035936,44.912,11.6922,-6.491,-0.012982,-1.169222
375,0.037348,40.601,8.2621,-12.8051,-0.02561,-0.826206
376,0.034794,43.58,12.1723,-5.9792,-0.011958,-1.217228
377,0.02757,47.991,5.3216,-8.6626,-0.017325,-0.532161
378,0.031107,52.197,11.4477,-11.1484,-0.022297,-1.144775
379,0.043409,46.879,8.6962,-4.7441,-0.009488,-0.869619
380,0.030436,52.483,10.2841,-11.6091,-0.023218,-1.028414
381,0.034332,46.175,15.4969,-11.8617,-0.023723,-1.549689
382,0.025325,42.249,8.1213,-12.9406,-0.025881,-0.812127
383,0.040053,43.359,15.5498,-6.8172,-0.013634,-1.554977
384,0.040651,39.893,12.6384,-8.6441,-0.017288,-1.263836
385,0.034646,39.241,23.9467,-13.5649,-0.02713,-2.394667
386,0.029917,37.618,14.9645,-10.3605,-0.020721,-1.49645
387,0.030955,47.304,10.1902,-6.0169,-0.012034,-1.019018
388,0.036546,44.486,3.4521,-7.7127,-0.015425,-0.345212
389,0.043799,46.835,20.1959,-7.9527,-0.015905,-2.01959
390,0.035794,52.26,15.4944,-3.9606,-0.007921,-1.549441
391,0.032108,47.783,13.6985,-6.9699,-0.01394,-1.369847
392,0.045872,51.128,26.7384,-5.179,-0.010358,-2.67384
393,0.035808,39.009,23.7755,-9.5155,-0.019031,-2.377546
394,0.039877,39.44,12.5559,-9.1624,-0.018325,-1.255588
395,0.032618,36.383,22.8529,-9.6447,-0.019289,-2.285287
396,0.029978,51.539,13.7096,-7.0307,-0.014061,-1.370961
397,0.036204,37.972,18.3601,-6.0207,-0.012041,-1.836007
398,0.028577,43.715,23.4942,-10.4572,-0.020914,-2.349418
399,0.032534,44.609,24.7553,-8.0032,-0.016006,-2.47553
400,0.032521,44.647,14.53,-9.8787,-0.019757,-1.452995
401,0.027589,51.769,22.6385,-4.9545,-0.009909,-2.263851
402,0.031112,43.043,8.0291,-7.3759,-0.014752,-0.802914
403,0.039043,44.129,17.7428,-3.4958,-0.006992,-1.774282
404,0.02606,47.603,22.4013,-7.3997,-0.014799,-2.240135
405,0.04529,42.152,10.8462,-7.4987,-0.014997,-1.084623
406,0.04234,38.82,19.9812,-7.6174,-0.015235,-1.998121
407,0.041025,46.493,25.3873,-5.0254,-0.010051,-2.538727
408,0.033633,46.288,9.858,-9.3946,-0.018789,-0.985803
409,0.03096,47.368,24.9228,-4.2159,-0.008432,-2.492279
410,0.038567,40.722,27.9736,-0.7228,-0.001446,-2.797356
411,0.027003,40.437,21.1295,-5.1058,-0.010212,-2.112948
412,0.036456,45.531,19.3225,-6.9488,-0.013898,-1.932248
413,0.032334,47.9,16.4618,-3.7158,-0.007432,-1.646184
414,0.036421,47.052,20.763,-3.0895,-0.006179,-2.076297
415,0.040559,51.942,22.5878,-5.765,-0.01153,-2.258779
416,0.04088,42.474,22.7635,-3.3256,-0.006651,-2.276348
417,0.038546,48.944,25.6482,-1.1577,-0.002315,-2.564819
418,0.029334,42.776,17.323,0.0877,0.000175,-1.732304
419,0.03464,44.486,18.3293,-3.3112,-0.006622,-1.832931
420,0.035126,43.853,36.2539,-3.678,-0.007356,-3.62539
421,0.041434,54.999,22.9959,0.7267,0.001453,-2.299586
422,0.036101,43.974,28.3866,-9.779,-0.019558,-2.838663
423,0.037989,42.543,22.1443,-5.8979,-0.011796,-2.214427
424,0.035813,46.691,20.9618,1.6306,0.003261,-2.096181
425,0.031708,47.672,18.4516,-2.2245,-0.004449,-1.845157
426,0.039406,56.056,22.5071,-3.0893,-0.006179,-2.250709
427,0.041134,50.904,27.5324,-1.0693,-0.002139,-2.753243
428,0.028074,42.109,21.3318,-4.0348,-0.00807,-2.133175
429,0.044194,39.757,35.8078,-0.7967,-0.001593,-3.580781
430,0.043622,52.851,32.427,-4.0685,-0.008137,-3.242695
431,0.033822,40.574,27.3649,-4.9583,-0.009917,-2.736486
432,0.034774,40.674,15.8019,-0.9926,-0.001985,-1.580189
433,0.026982,49.411,28.0753,-2.8594,-0.005719,-2.807528
434,0.033147,42.171,21.4317,1.6436,0.003287,-2.143175
435,0.036664,51.006,27.2311,-1.8863,-0.003773,-2.723114
436,0.036226,49.681,19.0585,0.3943,0.000789,-1.905855
437,0.034333,38.615,27.6779,-2.1003,-0.004201,-2.767789
438,0.03536,48.776,23.2494,3.6202,0.00724,-2.324937
439,0.042752,45.202,34.0153,3.8447,0.007689,-3.401529
440,0.034013,39.984,31.6522,7.7739,0.015548,-3.16522
441,0.038301,44.098,22.365,0.745,0.00149,-2.236497
442,0.038016,50.954,30.9281,-1.1518,-0.002304,-3.09281
443,0.02828,42.867,17.2603,1.9312,0.003862,-1.726031
444,0.030713,46.623,22.1794,2.2389,0.004478,-2.217944
445,0.030874,44.386,26.939,7.5795,0.015159,-2.693901
446,0.030226,45.238,24.8725,0.7514,0.001503,-2.487249
447,0.034588,47.608,29.6676,-1.8414,-0.003683,-2.966758
448,0.039021,52.332,24.0105,0.9053,0.001811,-2.401054
449,0.0424,38.456,24.6541,2.8407,0.005681,-2.46541
450,0.040817,50.178,31.1752,-0.3174,-0.000635,-3.117519
451,0.034983,47.536,14.2527,4.7674,0.009535,-1.425274
452,0.028242,46.157,32.3912,2.6975,0.005395,-3.239118
453,0.044074,44.015,18.8981,-1.1659,-0.002332,-1.889809
454,0.039537,44.715,24.7449,7.141,0.014282,-2.474488
455,0.027428,46.833,17.2569,2.791,0.005582,-1.725689
456,0.03354,48.855,25.7301,4.2535,0.008507,-2.573009
457,0.026984,37.09,21.1515,11.4577,0.022915,-2.115152
458,0.04431,38.591,19.3074,-0.009,-1.8e-05,-1.930736
459,0.036864,41.913,19.2165,1.9358,0.003872,-1.921646
460,0.027921,40.517,20.4393,5.8916,0.011783,-2.043934
461,0.036276,40.989,20.5566,3.1127,0.006225,-2.055655
462,0.032175,44.479,22.2288,1.5028,0.003006,-2.222879
463,0.03665,44.679,24.9671,5.8103,0.011621,-2.496706
464,0.027709,34.267,21.3269,7.7061,0.015412,-2.132691
465,0.039162,41.108,22.6001,3.8154,0.007631,-2.260013
466,0.040253,45.09,11.8807,1.9093,0.003819,-1.188067
467,0.045046,39.558,14.5503,3.2804,0.006561,-1.455035
468,0.040862,45.701,22.5813,8.7837,0.017567,-2.258134
469,0.03736,49.597,27.1115,7.227,0.014454,-2.711153
470,0.035895,43.909,23.8171,0.8322,0.001664,-2.381705
471,0.037766,35.697,18.9283,2.2286,0.004457,-1.892834
472,0.030635,46.834,22.2752,4.0343,0.008069,-2.227516
473,0.025163,45.858,7.7232,2.6467,0.005293,-0.772315
474,0.036872,42.459,15.8406,-0.3833,-0.000767,-1.584061
475,0.039211,41.087,18.6547,4.0562,0.008112,-1.865473
476,0.036603,38.759,21.1895,3.8747,0.007749,-2.118949
477,0.031737,53.177,18.5702,9.4831,0.018966,-1.857025
478,0.025109,46.927,17.5453,5.8084,0.011617,-1.754531
479,0.032791,46.866,20.2988,11.3104,0.022621,-2.029882
480,0.03951,45.773,23.3324,8.1836,0.016367,-2.333237
481,0.030128,47.897,17.4722,5.2695,0.010539,-1.747218
482,0.02678,55.128,24.5078,3.1844,0.006369,-2.450779
483,0.034769,48.536,15.2557,5.4089,0.010818,-1.525567
484,0.033172,44.251,15.1389,4.4435,0.008887,-1.513886
485,0.036509,42.093,16.179,5.8637,0.011727,-1.617897
486,0.039864,43.935,20.7378,8.0682,0.016136,-2.073777
487,0.021867,50.674,22.09,12.9351,0.02587,-2.208998
488,0.028752,39.662,19.5329,14.6719,0.029344,-1.953294
489,0.03486,49.643,16.2341,8.1309,0.016262,-1.623414
490,0.037772,48.227,15.1782,6.9297,0.013859,-1.517822
491,0.021777,49.92,11.5326,6.0489,0.012098,-1.153262
492,0.037293,37.959,14.1865,11.3257,0.022651,-1.418653
493,0.03669,46.055,11.7907,3.2904,0.006581,-1.179066
494,0.040273,42.297,5.7995,3.9182,0.007836,-0.579952
495,0.040939,53.436,20.5894,10.1837,0.020367,-2.058938
496,0.041497,43.71,15.5028,1.2837,0.002567,-1.550275
497,0.025024,51.867,4.047,8.5036,0.017007,-0.404705
498,0.042459,53.166,10.4415,13.2915,0.026583,-1.04415
499,0.037314,52.615,10.4711,8.9242,0.017848,-1.047107
500,0.031495,40.822,7.2773,9.0567,0.018113,-0.727727
501,0.031943,42.17,12.366,8.3192,0.016638,-1.236604
502,0.032091,41.653,17.1034,7.3211,0.014642,-1.710341
503,0.037083,43.869,1.2429,12.8665,0.025733,-0.124286
504,0.039593,51.461,4.9965,16.8599,0.03372,-0.499651
505,0.037115,45.846,1.0372,5.0805,0.010161,-0.103716
506,0.027976,45.992,12.9248,8.6524,0.017305,-1.292479
507,0.038832,41.721,1.8061,7.2324,0.014465,-0.180615
508,0.043226,34.283,6.5218,7.0205,0.014041,-0.652177
509,0.032218,47.756,15.122,8.4064,0.016813,-1.512196
510,0.036883,41.151,7.842,12.1818,0.024364,-0.784197
511,0.039943,36.569,8.2709,8.357,0.016714,-0.827089
512,0.032686,47.78,4.496,8.4418,0.016884,-0.449597
513,0.032848,51.072,18.0869,8.4816,0.016963,-1.808688
514,0.04126,36.409,8.5032,11.9707,0.023941,-0.850323
515,0.038225,45.789,14.7153,4.8031,0.009606,-1.471526
516,0.040453,46.693,4.4644,9.7491,0.019498,-0.446443
517,0.03206,41.752,1.4402,9.2927,0.018585,-0.144016
518,0.034508,34.058,4.311,9.432,0.018864,-0.431105
519,0.037197,47.919,1.9003,11.933,0.023866,-0.19003
520,0.022345,51.551,2.8225,13.2525,0.026505,-0.282253
521,0.042016,44.455,-2.2549,4.2637,0.008527,0.225493
522,0.043274,54.188,-4.1341,12.5134,0.025027,0.413415
523,0.041253,51.299,6.6624,15.3911,0.030782,-0.666235
524,0.038754,45.053,13.3485,11.1106,0.022221,-1.33485
525,0.034389,43.153,12.3216,12.416,0.024832,-1.232165
526,0.023295,47.298,-6.3518,10.624,0.021248,0.635177
527,0.036273,47.206,6.2559,11.8999,0.0238,-0.625592
528,0.033653,51.765,3.7948,5.397,0.010794,-0.379484
529,0.039792,48.161,0.1534,11.9511,0.023902,-0.015337
530,0.040845,46.194,-3.0992,6.9847,0.013969,0.309917
531,0.032897,49.021,3.85,11.1756,0.022351,-0.384995
532,0.02895,52.876,-2.9612,10.5593,0.021119,0.296115
533,0.038439,44.032,-1.5159,10.0386,0.020077,0.15159
534,0.032293,46.587,-3.0098,15.3326,0.030665,0.300982
535,0.038854,39.03,-2.4976,11.1526,0.022305,0.24976
536,0.025904,40.252,-2.5391,10.2911,0.020582,0.253907
537,0.020795,52.644,-1.7367,10.3387,0.020677,0.173671
538,0.02973,36.312,-9.1166,11.5045,0.023009,0.911663
539,0.04154,52.116,-6.3219,18.7469,0.037494,0.632189
540,0.038423,51.309,1.0909,20.1679,0.040336,-0.109091
541,0.036008,51.386,-7.6488,12.1282,0.024256,0.764881
542,0.042971,44.197,-14.6488,15.2956,0.030591,1.464879
543,0.034125,45.67,-6.9191,12.3718,0.024744,0.69191
544,0.039542,49.127,-11.4002,13.1615,0.026323,1.140017
545,0.038966,45.482,8.4099,11.3255,0.022651,-0.840992
546,0.03363,48.247,-5.8067,13.3525,0.026705,0.580672
547,0.031398,37.34,-10.6553,10.5153,0.021031,1.065534
548,0.036808,42.366,-5.6985,10.9639,0.021928,0.569854
549,0.047949,42.677,-7.6585,14.0955,0.028191,0.765851
550,0.028788,36.959,-12.4223,10.3017,0.020603,1.242232
551,0.044451,48.795,-9.5118,15.9125,0.031825,0.951177
552,0.042351,36.015,-2.4577,19.1196,0.038239,0.24577
553,0.028531,40.03,-12.8144,15.8303,0.031661,1.281445
554,0.042939,54.101,-20.0635,10.6595,0.021319,2.006346
555,0.032443,44.041,-18.2203,12.2661,0.024532,1.82203
556,0.039443,42.748,0.939,14.2182,0.028436,-0.093902
557,0.039935,41.948,-17.1096,17.183,0.034366,1.710958
558,0.031364,42.988,-5.3607,14.7926,0.029585,0.536073
559,0.034158,43.141,-7.5263,14.1224,0.028245,0.752628
560,0.043312,45.3,-7.7424,14.4586,0.028917,0.774236
561,0.032814,39.316,-16.6912,10.4352,0.02087,1.669125
562,0.039556,46.653,-5.5883,13.4143,0.026829,0.558829
563,0.044362,52.171,-11.2011,13.227,0.026454,1.120114
564,0.040352,41.654,-22.6136,16.9209,0.033842,2.261358
565,0.035044,46.7,-12.5069,12.4613,0.024923,1.250687
566,0.034225,37.653,-9.7049,14.033,0.028066,0.970493
567,0.035313,36.906,-24.6865,17.4946,0.034989,2.468651
568,0.033338,47.658,-20.5441,11.8943,0.023789,2.054408
569,0.037615,48.363,-18.083,16.0182,0.032036,1.808303
570,0.030839,44.61,-4.1216,12.5802,0.02516,0.41216
571,0.044817,43.243,-25.0016,9.7303,0.019461,2.500162
572,0.035196,41.459,-19.0827,17.8638,0.035728,1.908267
573,0.039373,45.477,-16.3754,12.0349,0.02407,1.637539
574,0.032659,43.845,-24.45,16.2987,0.032597,2.445001
575,0.036285,50.597,-18.9142,17.2033,0.034407,1.891418
576,0.043856,43.737,-18.1646,15.1227,0.030245,1.816459
577,0.041624,45.284,-18.2357,14.1635,0.028327,1.823566
578,0.037245,42.974,-18.939,10.7545,0.021509,1.893898
579,0.036357,49.781,-24.9813,14.5025,0.029005,2.498132
580,0.038233,36.816,-17.0017,13.9456,0.027891,1.700172
581,0.03472,44.59,-21.9785,14.1933,0.028387,2.197848
582,0.031774,41.095,-22.2247,14.3378,0.028676,2.22247
583,0.035281,50.32,-29.2829,18.2417,0.036483,2.928287
584,0.036337,46.227,-22.1171,19.1676,0.038335,2.211709
585,0.042275,39.508,-15.4459,8.4312,0.016862,1.544593
586,0.032644,38.204,-15.1151,11.8069,0.023614,1.511507
587,0.029673,47.625,-33.0973,12.0595,0.024119,3.30973
588,0.034125,49.334,-20.2756,13.7127,0.027425,2.027561
589,0.038125,45.384,-18.8213,16.384,0.032768,1.882133
590,0.037198,41.431,-31.3798,17.7135,0.035427,3.137981
591,0.031886,40.861,-19.0446,19.1884,0.038377,1.90446
592,0.030726,53.928,-20.0763,14.3356,0.028671,2.007626
593,0.032577,48.978,-23.5667,11.2913,0.022583,2.356669
594,0.035525,44.277,-24.2823,16.3581,0.032716,2.428233
595,0.038066,48.241,-18.895,15.6719,0.031344,1.889497
596,0.036371,47.018,-25.6823,13.6123,0.027225,2.568229
597,0.036423,51.391,-23.6346,17.3733,0.034747,2.363456
598,0.035609,51.745,-22.5246,10.1818,0.020364,2.252464
599,0.031089,47.626,-29.6555,13.9798,0.02796,2.965553
600,0.042261,39.397,-27.4909,17.4625,0.034925,2.749091
